0.0,0.0,-10.610756625759596,-10.178610046287556,-9.789400617214879,0.0,0.0,-9.651373451997339,-9.526061715297999,-9.251908253933038,0.0,0.0,-8.555614963257108,-8.439402393484405,-8.183677237608885,0.0,0.0,-7.66539051982635,-7.683455437386589,-7.286503402157179,0.0,0.0,-7.213210109472996,-7.016505109128952,-7.048983593508592
-10.42093621117084,-11.964976071015538,-11.92762361473008,-10.446184798417873,-10.311262111126862,-10.717655945056883,-10.528726195007877,-9.677631057482378,-10.577652198180433,-10.215408432523414,-9.579984346843167,-10.007764229913823,-9.712055487830682,-8.363753312041492,-9.3111201076724,-8.249899298582484,-8.479142941091334,-8.378820501754834,-8.402111240931275,-8.359297752253056,-8.297680510163731,-8.251669740925724,-8.261488495128235,-7.644943274949402,-8.236257477294036
-10.870751603636437,-10.018429438696012,-8.65011409136755,-8.462943660509456,-9.262377817049916,-9.197174013451606,-8.37128274184873,-8.532277794887586,-7.696664237892072,-8.031021374135532,-7.549025597297611,-7.688659707750493,-7.911400478287888,-7.652974212490321,-7.710001853069062,-7.867054666478167,-7.644234363573938,-7.51100213295927,-7.587301848855769,-7.614062952946698,-7.548770275782815,-7.593585341990772,-7.644000226515697,-7.71660816869975,-7.569903529853206
-10.61452783064172,-8.520828535724497,-9.475506632571449,-8.73007323062772,-8.51567446862597,-10.25981530311143,-9.395623345851494,-8.673926710048178,-8.759266082956177,-8.836162983203995,-10.66539123108496,-8.52093450656166,-7.644959272869431,-8.51717015164991,-8.584430468967726,-9.193101922279135,-8.538014210472756,-8.154946924885211,-8.537307090460379,-8.677574244883568,-8.823051263355154,-8.545322888777747,-8.61459699724052,-8.591892805923797,-9.01204076194726
-9.579069300494487,-10.672687411878503,-9.204059369948386,-9.96217691249071,-9.376995347135875,-9.506447142697972,-10.104892430247176,-9.62377612836205,-8.97600991690175,-8.924421370553304,-9.635639690943359,-9.636537641676565,-9.03481859816753,-8.928193158877342,-9.11684083116713,-9.297395659725725,-9.007924875760335,-7.500140223125285,-8.892313719876418,-8.95105993639636,-9.569425010600373,-8.900635545823473,-9.010079290875833,-8.906983278281036,-8.878161297570136
-10.537457352209183,-9.67201361943866,-10.309033080157812,-8.471056165172103,-8.82171440736693,-9.95874336379342,-9.341069816689775,-8.645259528542926,-7.979413931343695,-8.231952543823665,-10.185680244760373,-7.859228071934307,-8.205922712711926,-8.102033773893549,-8.18811046373539,-9.749872169165219,-8.901685499813452,-7.574836830562195,-8.004954833177436,-8.142535828040494,-9.73080626010087,-9.76719736922563,-8.334873526478205,-9.461458018824386,-9.295501212881067
-10.854634459828608,-11.76620190912096,-10.661872589012102,-10.79545563942354,-10.38692470667734,-11.149315442229502,-9.736592625287937,-10.072045149969837,-9.78992238684999,-9.733646903861912,-9.95147468799777,-10.330273184150041,-7.841027280081219,-9.823101133019595,-9.614575390662212,-10.330505833988827,-9.593034311569228,-9.356418571651764,-9.588546959364683,-9.62663099612734,-10.24044330264781,-10.207996491876472,-9.639223297330629,-9.713240431303493,-9.939588548563533
-11.208031544333231,-10.804646276072784,-9.282721287038187,-9.632406617893611,-9.484782792698416,-10.075141577289232,-9.822459905536984,-9.487622695409076,-9.157348198197983,-9.247970446860482,-11.2123924213202,-9.078928819133772,-8.62649495545314,-8.350708935901341,-8.839142836921383,-10.73020049957596,-8.309030555131779,-8.872948178176031,-8.054833121227585,-8.524990004104616,-10.633777434475611,-9.319752333721297,-9.116711923288305,-9.533304395810774,-8.431132725686231
-11.391307125219612,-10.682516187475192,-10.080134438680124,-10.365218537123042,-11.187563611536534,-10.119635348474253,-10.575724188858787,-10.297770878272166,-10.26918330728814,-10.117703164532934,-11.299419984227667,-10.062356381848582,-8.407474900102535,-10.195802200400518,-10.06814434960425,-11.02425397498794,-10.336016627369105,-10.380978374792829,-10.592471264759121,-10.439740758349929,-11.806435940415748,-10.730858621973853,-10.082817677639454,-10.234664985243237,-11.73237911568224
-11.605819363539755,-12.168570972193953,-10.750454309431161,-10.28849544829664,-10.818926919952618,-11.311148697692062,-10.110864213151745,-11.198509983494102,-10.617097379894075,-11.175019752787378,-11.84672692443994,-10.045518352321908,-10.404499683423882,-10.021676049385425,-10.300102453271442,-11.46872207180749,-11.09185238285283,-9.98919344887849,-9.930757917945828,-10.941731500069178,-11.682307623238884,-12.816110133441414,-9.033409587957138,-10.817043060320065,-11.22749791707951
-13.384892507208175,-13.120648105312615,-12.746020712039705,-12.554063457772065,-14.10383757528944,-12.396635649512405,-11.269166769071381,-13.552692556645297,-11.265833547995996,-12.470642506317692,-12.75678957377054,-12.378045519080588,-9.272421974857247,-11.284506672943252,-11.817373159867056,-12.688910469896465,-12.70279154484859,-11.547689087206608,-11.49477033511289,-12.706876034131657,-12.608165383250913,-12.046687512344388,-12.712670511354942,-11.7238372681338,-12.547955328903562
-12.801575199054353,-12.677650482416551,-13.348300683338493,-12.941172120843577,-12.843255641154466,-12.966279614653043,-14.545739274371297,-13.076439529490218,-12.855104695217396,-12.86963743279068,-12.496835784006741,-13.032715358703836,-12.8578897315059,-12.046929370738138,-13.101475021563589,-12.938865944399902,-12.865198502393465,-9.892887655845868,-14.269058711363247,-12.935239952205718,-13.122614542425522,-13.35811533616323,-12.027945426607202,-12.617685238361785,-12.976316189420277
-12.708506734805622,-11.746150274442567,-11.441057806119755,-11.738529653815846,-11.670152051950126,-11.721786610626593,-11.346623658718254,-11.629836019097986,-11.37066366794016,-11.529213712787339,-11.401625879403081,-11.5452912266968,-10.065360679141964,-11.475977326187667,-11.264853852222982,-11.800843506343266,-11.483292814903791,-11.501179210851676,-11.461105394435338,-11.955028833315865,-13.205768021380033,-11.637837091816646,-12.739469526225381,-11.659752089983643,-11.72212404562076
-13.082018160919617,-14.108641292374875,-12.380813276806563,-11.555397860134898,-12.291669121165947,-12.264419644176058,-11.557579775636396,-11.715085092788533,-11.403840668685735,-11.763060515501463,-13.500585775836813,-11.72666421665269,-10.399916928477026,-11.691145499064481,-12.981369968201069,-12.972839271255472,-12.109122326670974,-11.656612860263198,-12.269471747990925,-12.230580191219413,-14.121032865772307,-12.833602955346466,-12.16652020775528,-12.438254898305628,-12.684927215841984
-13.677328116594955,-14.565895345810304,-13.843213147710161,-14.502865531739612,-14.846758585041476,-13.600436307043353,-14.444747493065995,-13.790544595953518,-13.716162720579266,-14.686272253149008,-15.676737204143143,-15.003280142759802,-15.012280772397297,-11.065528852958796,-15.7489690778404,-14.484677699715611,-14.354081559913558,-13.726231962109223,-13.942269365959671,-14.359551169510542,-14.470943947652817,-14.684302797302962,-14.357824098355806,-14.398393608332563,-15.241144745113196
-15.844223362369192,-14.355721297844399,-14.247891528189454,-15.157450303269897,-14.741306194224757,-15.305437096256318,-15.09548207893812,-14.119385021578749,-14.53764598623628,-14.302450770703516,-14.870085883648578,-14.274874827556339,-14.728147369808285,-14.172862121295655,-14.275285202918695,-14.987477449212792,-11.728671200743012,-14.523632931890786,-14.0799298079765,-15.124767562119168,-15.599950275611238,-14.815268530923849,-15.271949117513252,-14.699931499121842,-15.056247665498711
-16.001588457745267,-15.6800850143979,-14.827636124370738,-16.144426875371515,-13.8972852740701,-16.355969045159885,-14.69531167141747,-14.208778911916442,-14.163704624071393,-16.352230034119458,-14.708817157394705,-14.546001914814157,-13.676865591265267,-14.189490276005792,-15.170344981150041,-13.109386941739922,-14.223315204141088,-12.889447337271747,-14.010390893720587,-14.949285536157902,-15.626419119949892,-15.271011301469079,-14.347002319942813,-15.810422665000704,-15.640493305944466
-15.926190796955055,-16.054816283700063,-16.958762616594974,-16.469764756491287,-15.836289970567567,-15.48038243522218,-16.052204815084686,-14.957748865304474,-15.295585370452063,-15.369709352316491,-16.16103401502552,-14.935845452499262,-14.952947641296905,-15.864169150543425,-15.424709625791632,-17.13258962464753,-15.884630801850038,-15.435610363287449,-16.121634335936964,-13.985806485891983,-15.93969622721408,-15.824519917011095,-16.14683625599949,-14.879082412405868,-16.19674330267957
-15.454346926487338,-12.15388783360014,-16.876792060391356,-14.445780659978249,-16.101335072585044,-16.17760450429377,-14.181765604801283,-14.913256557457425,-13.508282034744841,-15.46105832943316,-13.349392029771948,-14.328855756994837,-14.813942975783528,-14.793875916896182,-15.469711607084015,-15.581724290646083,-13.849677573242321,-15.215581875459094,-14.88048444961066,-14.309708323199155,-16.5580554072664,-15.109340000498033,-14.753866382653184,-15.464309059881908,-15.44380659802097
-16.976097309149093,-16.453910654496873,-14.058537197684066,-13.82114775310029,-15.725846202678072,-15.883008277275808,-16.503321491536813,-12.171596475471903,-14.312056989340029,-15.399094248709648,-16.705505847522158,-13.776492668820094,-13.754511391627105,-13.98375777616077,-16.34125934536352,-15.852401186961908,-15.354981578091982,-15.0195031996185,-14.152079956224691,-14.64434117340998,-15.975729941293746,-16.845430770106265,-15.783830174622544,-15.940479745904074,-16.72544945924312
-17.441290138420996,-16.832520449224358,-16.41604924207984,-12.5183170244133,-16.61421641402777,-18.485607267718716,-16.55574548717696,-17.576197962281807,-17.366037075297477,-17.264115970099432,-17.56807933786797,-16.83707633685781,-15.95669931876647,-16.43592508249584,-16.573080909724407,-16.7342576069737,-16.58473053119,-16.303262318932564,-16.490047749330586,-16.391651605188606,-16.469646394303307,-16.54599416232379,-16.730621570383953,-16.680772615956098,-17.217534618813804
-17.214546159067574,-17.11843160464018,-16.057470736559708,-17.061924065570498,-16.94184561537856,-17.529218216265317,-16.568631840963995,-16.69867265260842,-15.668180791405184,-18.108546662597032,-16.679934303350446,-15.72062819557802,-15.819167696538784,-16.225774558877006,-16.857079590012574,-16.851056258694783,-12.370968203684933,-16.709464066774686,-15.91831882098971,-17.114233140484686,-15.621840860679505,-17.105674354983687,-15.784040013681029,-17.55981864544703,-17.010496839922265
-17.59975469730256,-16.72274899445872,-14.736258105153969,-14.14059702251745,-15.665006933158926,-15.775749022387341,-14.536623170303109,-14.70368775762723,-14.708132808263645,-14.400227074991964,-16.64579401594599,-14.797820747709222,-14.096809996141108,-14.316874479166948,-14.980334454387423,-17.513810855064833,-16.804870791912954,-14.101519786868902,-14.029996386771256,-14.840598811215289,-16.831292800600636,-15.027999736519194,-14.520388014795289,-12.638375514722686,-15.164517914011961
-16.62703190010698,-17.024149358643232,-16.821462169500347,-17.07626758979286,-17.034183836675,-17.111588406661607,-16.261566151218446,-17.071349584466216,-17.32531662797034,-17.73338382093526,-16.4941019454138,-17.36377315995709,-17.510467180770007,-13.20078339158316,-17.97834749112954,-17.179957109576797,-16.499168367121058,-16.584723317875046,-16.716082956072462,-16.709482845618137,-17.27032021177656,-17.229404080752868,-17.025832672333124,-17.210064881591826,-17.161058964538398
-16.67848604091287,-16.809164524940687,-16.50236988522124,-18.19175190613321,-16.73074970276826,-17.500850782135963,-15.630743457430896,-16.842133443264544,-20.652141108832385,-16.53118476580096,-19.04621444794309,-16.30614767755318,-16.79420469080928,-16.815753064195913,-17.139706382390102,-16.893932068462576,-16.424139342580034,-17.468394665094863,-17.022585880944153,-16.921221481798412,-17.085556436661758,-17.580591321629512,-14.129239836731179,-16.7049726644955,-17.209453372220153
-18.252234866000055,-17.418025753905575,-18.53277669047319,-17.75194769243145,-18.333694666700083,-18.408352157183614,-17.387522868952413,-17.911926898866874,-17.79641479992205,-18.978867092180224,-18.824968440401307,-17.88202487880033,-17.61165158961392,-14.334999977887671,-17.42626406411336,-16.819747670082943,-18.81628738425257,-17.310742440283846,-16.796001904074082,-17.327983261290274,-18.104248542506774,-18.033084229286615,-16.451423954836265,-17.538217350729877,-19.89449373564676
-17.050608577148658,-15.632986564510015,-16.958012794403672,-15.825002147183332,-16.721465704150507,-17.38652267027633,-15.991438792335977,-14.637053219757906,-15.957080891250571,-17.436209887895746,-17.894288603226933,-14.823048293594441,-14.176525399079907,-14.649794488650556,-14.971956659175644,-17.664659124019124,-14.856022272270701,-14.988152309622933,-14.723189273075704,-17.586636729648134,-14.673392163105646,-17.275439913204533,-15.845769941319716,-17.216690854951203,-16.381573767792712
-19.798950910286965,-17.941205641220673,-14.878741864393003,-15.999283001428122,-18.40639119321344,-17.451645302831366,-15.960791488003217,-14.687752147937372,-15.044089159334895,-14.821933304854925,-18.465131537131374,-18.80251499844442,-17.315908482764442,-14.30561164131186,-16.22339973237921,-17.04018855215058,-14.465543467251436,-15.134257738797583,-15.073244726137675,-15.323538431367947,-19.173891765092023,-16.908077180021074,-14.641965406078128,-16.29333052725605,-16.12734417212822
-19.795684720933355,-18.312822139119625,-18.266904512864436,-17.4266807771901,-19.434890301417703,-18.031520685526978,-17.617476533540188,-17.125029791445783,-19.15300164707083,-14.529874051575376,-17.992087929027317,-20.08500411387537,-17.911798320522653,-18.023039734763714,-17.465299634292748,-18.021383414924937,-18.64690351707373,-19.101111232449366,-17.732514660069846,-17.238272068995258,-17.772082327026098,-18.029333456504574,-17.943430297743785,-17.254305945877707,-18.13164009103112
-19.125160967636827,-16.848981535866276,-16.803790994763006,-17.267163249258424,-18.369528151385147,-16.49068894431388,-17.094380389995706,-17.568251534850766,-17.827340971040226,-17.130626105465783,-18.89295644997376,-17.642757134747466,-14.461393189712513,-17.44806821113369,-17.49331203090081,-17.21933225021078,-18.33375566376686,-16.738352884627446,-17.153306137108764,-17.227282324187964,-17.611581636838014,-18.0375689280898,-16.11929793430507,-17.197201255416875,-17.508009555680697
-17.156343997243,-16.12850450558075,-17.38758869744909,-20.889479361347462,-17.8532898397804,-16.00762007525963,-19.255209810284054,-16.3187701654614,-16.600924624225286,-17.464951769031444,-18.04426881525042,-17.372195399827753,-16.202236606810896,-16.99099015973138,-16.82619990538019,-17.703195838227867,-14.409582407128914,-16.57998696243829,-17.14384283085748,-17.63113769367409,-16.8280425485138,-16.653898661142854,-16.431731043165847,-17.32623643994766,-16.84574339236619
-18.12391063067887,-19.10436735399035,-13.989608272931113,-17.405847049485917,-17.853044236085584,-18.126152397686038,-17.317162699506405,-17.211763571086895,-17.73652939449962,-18.324181291342008,-17.25989161727749,-18.623026708306377,-17.39541421980283,-17.38393110190303,-18.23416369182291,-17.972099853898744,-17.81808415924607,-17.278170369125093,-17.086650522996056,-20.039336372502326,-19.618936557666903,-18.08017168066951,-18.03482712606933,-19.170106761477097,-18.046228454390516
-17.536005286050372,-17.089278080729354,-17.502229969427084,-17.57499567969412,-17.187047771396884,-17.634216203692965,-17.173540260104595,-17.191987258642126,-17.369006482228247,-18.440146099070226,-17.222190980254982,-17.469492945800113,-17.120075548894008,-17.136581771654026,-17.22554194948031,-17.367788823639785,-16.96659958124121,-17.40456713150556,-14.89400438880895,-18.885954137966465,-17.63384439786615,-17.038490091220133,-17.29047713303535,-18.496113104859795,-18.134626217042705
-17.784054450654974,-17.59629209759916,-17.922397275655484,-16.700925506003227,-16.677044427284027,-17.0586709751565,-16.966055646725575,-16.97451532401551,-17.066345667197254,-17.1537708369682,-16.676334201994493,-17.17004142234774,-16.849414054662056,-17.234873787010265,-16.843887958467718,-17.754033263930733,-15.403946803708985,-16.68915941709722,-16.996757536043916,-16.78503899703413,-18.966605410483133,-16.87609802571944,-17.09844391206527,-16.72374936929447,-16.893770097738514
-20.577863428463203,-17.77202348042494,-17.279621268310002,-16.95428233183834,-18.508096555798367,-17.522589415810298,-18.45325750899438,-17.758967034939342,-17.496979008257114,-17.392873990488635,-18.497056851742386,-16.805602776045408,-17.44262465046587,-17.369267737874026,-17.907962187881786,-18.82056865128725,-17.352508256983697,-17.336251168965372,-17.266171578517124,-17.44516627488098,-18.747342376328987,-17.342808928682715,-17.85427359943405,-15.994479712581947,-17.724144157444076
-19.230170460793364,-17.628296645157878,-17.82389289952186,-18.000756589114285,-18.62407933237599,-14.346147763511809,-18.142129927822047,-18.42841857598289,-17.88218493683517,-18.190748711609473,-19.450439252712883,-17.649777604748387,-17.97549832126066,-18.26954782612965,-17.699259584965517,-18.249443268059952,-17.686246253433772,-19.500746449154747,-17.825808197448026,-18.733836148400584,-19.8676859623426,-18.420540976757664,-18.19572037551805,-18.34198183945059,-18.764105166986614
-18.203130287670483,-18.919035215952515,-17.37922447307467,-20.2433311083055,-18.298829337519976,-18.27150868878978,-18.553521731711957,-18.78848848447369,-18.212021726916745,-18.789271244142814,-14.27817849219515,-18.429351422101256,-18.339814473032405,-18.432890350295423,-18.431518528051562,-19.28880624969958,-18.50615803336983,-18.370320539749144,-17.54241117583709,-18.728119283482524,-18.383689276668246,-18.171242154453836,-18.68197781330744,-18.474029198752785,-18.33541616938834
-19.97303384766686,-20.19077195709115,-20.148214705824003,-19.869442296893716,-19.42587656084688,-18.989826557387172,-19.845325268452722,-19.384065345118636,-21.59676138805787,-20.487359351147326,-19.238095626002146,-19.675832610962033,-19.327869641609688,-19.780404375905505,-21.339783781310963,-20.580575535081724,-19.477584939826396,-19.5286184456159,-15.065618614522343,-19.06788810548081,-21.746233849366867,-18.97387105647011,-20.472046084779493,-19.81067430845446,-19.488496335516764
-19.919017362866178,-18.404937078050477,-18.384751758016918,-18.4663960238739,-18.294820188810036,-14.864086212844729,-18.77499386103431,-17.684319524000426,-17.100400364093648,-18.471323089538114,-18.542603346840643,-17.604653834329095,-19.056689367297505,-18.587032394224128,-19.520761264184696,-20.293299491259894,-18.562162672697973,-18.544311396222497,-19.220971277244004,-19.01198024883695,-21.094948975987133,-21.024437108617185,-18.36050782971481,-20.880514137642827,-19.807433150620938
-21.23333063205842,-18.76084496172308,-17.473064886757992,-17.794441574741192,-18.192207729276845,-19.5377007213835,-17.8708164941558,-18.659181036550457,-17.811660419832286,-18.124944880047458,-18.319678754781634,-18.6442272623505,-18.069089292131498,-16.96491057221304,-18.268378627000658,-19.704467116859707,-17.906737434127518,-18.01815154405647,-17.919066502775753,-17.751163440333727,-22.223040383466834,-18.683110269618275,-18.347738951016087,-16.13645659069704,-21.562297909824025
-20.14746470408234,-17.362622635892922,-17.266192186811374,-17.820999065900608,-18.523042633541653,-17.513300462518853,-16.61573808570836,-18.160794008355985,-16.801290369579398,-17.31482867681604,-19.16659238132726,-16.769180124025368,-17.363020751908035,-17.196220589353818,-18.446061264275603,-20.521397955748444,-17.81880607385004,-17.82523545396128,-19.435497249842033,-18.43510865114192,-19.099644366818033,-20.79214006225262,-16.904499389361426,-18.507931541754008,-18.52365633788115
-20.274707955937366,-20.115577801573558,-20.065703881091427,-19.089747735898165,-16.65641719487709,-19.575789064451502,-19.453816865727134,-19.573991900243858,-19.413467133658784,-19.21080854840126,-19.67789158217866,-19.08778867560762,-18.994515438247053,-19.011498085220914,-19.083338397891286,-19.660640517260365,-19.31812783958632,-19.0147372203133,-19.16671855751422,-19.106015684484646,-22.526233060835214,-19.70423532030242,-19.73483787771563,-19.618707499519694,-20.890953112904352
-21.14552865774067,-21.517355197528662,-20.80802500627545,-19.77410357061661,-19.51605092113143,-20.937674719545036,-16.204235091201934,-19.433904655228076,-19.796551244534836,-19.875207607592422,-20.474981114142974,-19.677851839400205,-20.060950420683078,-19.63882139788486,-19.477554415073982,-21.128255647404536,-19.448999429856947,-19.60381853088576,-19.465681704074726,-20.2056035006949,-21.45091603409508,-19.641767986920392,-19.93026497359728,-21.217359644602503,-21.583102250299447
-22.59393033293897,-21.78163754818909,-19.462627133614077,-19.295000388905123,-19.601726956037364,-21.10232469768696,-19.6085779631977,-19.763062926842863,-19.74551259533542,-19.579920827485502,-22.048265341759716,-20.148675094974074,-16.518422120362445,-19.561775824703915,-19.466519203698198,-21.072800679955957,-19.40125944061303,-19.392559079994225,-19.276946293762858,-20.25596252935343,-21.99866463953367,-20.804044788654764,-19.52649040558131,-19.378933724681463,-19.314608640003474
-20.02333666989677,-19.88042649963117,-19.95575106669972,-16.754448326339798,-20.00318324826961,-20.52060265269112,-20.007103734493,-20.48554264711109,-19.948821447235584,-19.874626602160635,-20.867026455728585,-20.35543653499587,-19.829050264143515,-19.82779910420178,-19.75766013471827,-19.97047465888771,-19.82750076265875,-19.854689798871075,-19.871381267838288,-19.816233667528813,-19.75986844445574,-19.976756363390738,-19.842255282461323,-19.793666897127146,-20.28674694797138
-21.946059430775684,-23.057579204265483,-22.16754135560665,-22.253250432466185,-23.30329553457752,-21.858554675647596,-21.249623845505397,-21.825501306363414,-21.707974370504484,-20.992371857656153,-22.252543552295887,-22.103078022289182,-21.223753053500076,-17.116956326294524,-21.790149280593813,-22.553687336127915,-22.006998858638458,-21.74959760504619,-22.37967467624939,-21.68307145534994,-22.27917368722148,-24.3164929048041,-22.317562666791115,-24.112430559026254,-21.405826452574
-21.625433481141428,-21.409675357488442,-22.17548587612425,-21.761664470535074,-21.448580652358753,-21.361801933608422,-21.673417529598332,-22.29104136649995,-21.719403757573286,-21.82371920362369,-21.839205978469053,-17.318186980736566,-22.16027715268989,-21.971853685242934,-22.187484332938176,-21.58935135577742,-20.745059710696985,-21.427702314516,-21.541484853898442,-21.338652211241953,-22.311459502363974,-21.334880633652983,-21.720945582662342,-21.425113825479027,-21.395048073488976
-21.995647545011813,-20.371813363072583,-20.030864691879177,-19.94840116356041,-19.48956018556033,-20.339379639114345,-17.664954588595766,-20.018256301148,-20.75076741761748,-20.11902341260127,-19.901853020730922,-20.002693847515932,-19.555012523806198,-19.998771798577767,-19.895147274642117,-21.973521433208198,-19.970533854474695,-20.056886409541328,-20.201229941614148,-20.68095735652016,-21.13354958769533,-20.38226082355586,-20.012920573473654,-20.891916402454317,-20.40134205979882
-20.04426013900966,-20.902450195693554,-20.119131206199643,-20.220917085516067,-20.54864064031014,-20.257795038618116,-19.65446699529284,-20.527866720501898,-19.932591969376773,-20.01977717078595,-20.104972383169702,-17.739784883256885,-21.04151950645339,-20.49183317870959,-20.926780556960363,-21.980232226493385,-20.042217991970414,-20.284177038402774,-20.629717347671257,-20.248951069249554,-22.363698919545012,-20.85978117481152,-21.090049314498806,-20.448305729508014,-21.088050366099864
-22.877949316080233,-20.43211556576721,-21.72754458235727,-20.41930782650234,-20.46967756634401,-22.754316623047174,-20.442163812431296,-20.492010123629274,-18.242036645558574,-21.22665396791158,-21.308705311365408,-20.384875226324315,-20.559588449630546,-21.05367212599826,-20.424081402930415,-20.43662880227803,-20.39238168535781,-20.43396862823375,-20.715043227223767,-21.41465985133118,-23.084408697264244,-20.983205428853545,-20.77031061270977,-20.606689238433326,-20.830471190120846
-22.67219683057381,-20.898924806503512,-21.177387535430228,-20.9650370873242,-20.857587913453862,-21.5215318672605,-22.666683244356705,-21.009052836660167,-21.282389620261533,-20.9854496907139,-21.804777095349078,-21.404691804983315,-21.08241099983027,-21.834266034926255,-21.55746458679618,-22.677301330658437,-21.360256733082704,-20.80440829379834,-21.28290926807944,-18.164778766117596,-21.6580946055499,-24.848223096397952,-21.057890054414006,-21.630083813479192,-22.92192020031007
-22.788450928028798,-18.867554605234773,-21.100383368070187,-21.100951910142232,-21.494931848610147,-22.839582506814452,-20.997190476807205,-20.97339018663694,-21.531437442717404,-22.22305485568285,-20.951573399026866,-21.178958659145277,-20.9339531738758,-21.320949923356086,-21.208238101592947,-24.952624619616625,-21.1112889205926,-20.990682268101374,-22.843182335551475,-21.05726036345622,-23.342008458715767,-23.39217163726184,-22.878425140769302,-22.246103497955488,-22.19146484453946
-24.841127250489336,-20.669543661956652,-20.985130949543276,-20.91764835420409,-20.740641708093115,-20.81988336375681,-21.222756053021662,-20.84503282614187,-20.865522194084505,-20.64022538058275,-21.318703907332065,-20.83594261983928,-22.44023252610518,-18.21872387443411,-22.53558637835033,-22.17540125123038,-20.89129530956244,-20.935362600279536,-21.54022885567397,-20.647952764122188,-23.241068821038677,-22.170491314100154,-21.026290185189403,-20.881989059178267,-20.70309492018451
-21.35062667789229,-20.35048757855297,-20.303327494874708,-20.48799734968855,-20.548104156178965,-21.06903879718543,-21.27530815385701,-22.080680617652988,-20.397463763876008,-20.823849066257985,-20.28805973665017,-20.36839642011478,-20.73759598729403,-20.09138183933084,-20.47939352772796,-17.322955956497278,-20.457329335101836,-20.33037164641945,-20.48161497398567,-20.56399995013999,-22.107853125981393,-21.564812611035453,-20.633821826655115,-20.91786844183033,-20.509555235100525
-21.874093430031465,-21.147392025395813,-20.865337637009066,-20.975754715951044,-21.32155745975564,-20.162418883212446,-20.691256815465355,-21.579761663343227,-22.82156458827205,-20.950985289441228,-23.47279520435275,-21.23394828582503,-21.362109434804687,-21.023290228731916,-20.994940106227073,-21.21565004415161,-22.064577665190477,-22.397589722761644,-20.987503730779284,-23.105829389836817,-22.85043211917551,-20.89099443103869,-16.350580700037042,-21.78709406540059,-20.980712017603572
-22.28465117958374,-21.882237887879057,-22.08834053717495,-22.14610879382896,-22.717729595780508,-21.529531348915164,-21.43737921674781,-21.546295085479805,-22.428176228125125,-21.79403041816679,-21.917148527155693,-23.413353658052447,-22.294973289394257,-21.65385398207232,-21.73000003520389,-23.687490101476136,-25.00237945516542,-16.557963195558745,-21.617598504634923,-22.44538024176936,-25.38319183407852,-23.59206871774588,-22.83880119266249,-23.517249033413467,-21.835903136464545
-21.385434705751987,-21.086576948891746,-17.053327068280602,-20.964735872548754,-21.828573478208362,-22.163830193670947,-23.27484828640667,-21.094287256750224,-20.512778479613935,-21.070641907990176,-21.109910489299466,-22.818132763637177,-21.115117117495107,-21.891298136216086,-20.919066167511236,-21.01907499239402,-21.102822554739205,-21.3480986715648,-21.599447242658005,-21.118421394221873,-21.12793823612804,-21.684342877673917,-21.10315494800458,-21.0983045310369,-22.394672592300907
-22.64076416071974,-20.988595824321365,-21.9400663667348,-21.24397931392646,-21.282101515525717,-20.97955606747076,-21.425123177476255,-21.20462644132918,-20.896252245140353,-20.80768137419905,-20.926398753817605,-20.895735094662317,-22.59163215299115,-17.113718254465823,-20.974495978164907,-21.894009330617102,-20.881103886883338,-22.019374048662026,-21.097479958548515,-21.60479124532222,-23.36080088952726,-21.895387613484004,-20.910839481177394,-21.328872970195874,-21.65697765027097
-21.90478657045034,-23.764384703936464,-22.397142638867134,-21.19688233106085,-21.08005951913825,-21.487111748767106,-21.78888715596644,-21.535354962789548,-21.678369690003034,-22.363403497150514,-21.26450813529575,-20.950026887373905,-21.13356044534366,-21.35347093082425,-22.341690587356517,-23.044099144202207,-21.291806745157395,-20.94134507866124,-17.542307346666508,-23.021825683894598,-22.248049235162945,-22.461356844472505,-21.082617752901662,-21.540926749982734,-21.415092330408932
-22.130274932895638,-23.858452681785877,-18.541125073581508,-22.378069527206414,-22.1235967097794,-22.343625004705054,-22.547819497336096,-22.685117955805875,-22.058374251995573,-22.468063327649332,-21.200918464993933,-23.741325072039025,-23.00254270149479,-22.248441115919356,-23.46004509933515,-22.00470467530623,-24.661844439239687,-22.271344888881032,-22.249527650611036,-22.408338153207385,-22.094268321718758,-22.00759934198304,-22.97059789854273,-22.575567954010015,-22.16375499751503
-22.524656692363557,-24.34788716687433,-22.851449507944697,-23.104566789635008,-23.658804042807258,-19.12753585176049,-22.719700444972787,-23.21109571222217,-22.29577182882753,-22.385012018069105,-24.28533957375975,-25.043188918663937,-22.39380552559207,-22.55157510556548,-22.427726969973968,-23.53885174851753,-22.309203159563125,-21.637664269408205,-22.42665169996814,-23.16866637808077,-22.509602469115027,-22.51651578246574,-22.966543186839267,-22.662470716355923,-23.016594768205586
-22.692909754055552,-22.653273034750015,-23.052689840619706,-22.537172253697552,-22.52043023778165,-24.870110483015914,-24.102100514720103,-21.692275268759094,-22.71040428243843,-22.881513093958603,-22.54010749712559,-22.952058251312597,-23.142454834684784,-22.392345795844353,-23.072179383287583,-24.52097682737627,-18.49553904004751,-22.121207077619125,-22.60104341366538,-22.75617221576295,-22.542240447946646,-23.756158648056868,-23.084993009238623,-22.569781219252746,-22.687081442524658
-23.011933856353963,-22.847964100340985,-22.87960989242182,-23.011007916649994,-23.326268759772113,-22.971670554197765,-23.381454660308457,-18.484317454161,-24.916195033979324,-23.055638066475453,-23.800246955586296,-23.07012260810959,-23.04057650722021,-22.99450317519809,-23.662351688824664,-23.280520399771863,-23.755582022276812,-23.352143296683547,-24.13819454309691,-23.23032456490693,-23.384188141136157,-23.32072322875694,-25.648867463678055,-23.34196784353769,-22.911330987038497
-23.624512458446315,-26.781891147658165,-23.58372888257707,-23.50350912451547,-24.611543782970177,-23.46916709056664,-23.708280405438142,-23.74069773941082,-23.811653181946532,-23.574832806953076,-23.83209700754084,-25.51252971144963,-23.46113350680485,-24.17319486090631,-23.703399847578083,-24.647447563429964,-24.093571917466978,-23.995410378309376,-16.912685048366633,-23.514854343980367,-24.083776455215844,-23.660052385126153,-23.505844054920683,-24.371537236770344,-23.87368027144896
-23.62141406535771,-27.414463887615973,-23.50005237675769,-25.259333976312508,-25.690717520324018,-22.297058863825146,-23.24911725529824,-23.975695147095294,-23.623795154081165,-23.563602384272198,-23.75156924936046,-24.053903358933354,-23.85159169460703,-23.78152633563218,-23.514254886648555,-23.732704515737336,-23.866790773279,-16.083448912438804,-24.240835417311068,-23.50736943594653,-23.984456216866143,-23.728876961341975,-24.27917023689663,-23.790313955765882,-24.0166771525467
-25.02531490166495,-23.088503400879656,-23.966221912581897,-26.62494801173436,-24.04019566356218,-23.343263170595574,-22.822494947960493,-20.81760297652794,-22.753481246570303,-23.207543945782923,-25.337218522306465,-23.466651510613175,-24.04826871007582,-24.932779654368016,-23.7618881035687,-24.28826926284191,-24.06499934674497,-23.541963069688286,-24.15383019046652,-23.802898530324196,-26.01451694534163,-24.576818467908435,-25.29232433343126,-15.99928842083941,-23.88381285146911
-24.92227623810331,-28.341820658563652,-24.186772077492698,-23.6780377198981,-16.176686685550244,-24.229112584551977,-23.617510899540633,-24.74028209176947,-23.63988262757828,-23.940233202530003,-24.772592968493385,-23.943306369324166,-24.251313727151715,-23.384248392547775,-24.29523789670502,-25.180818251741208,-23.74082703544327,-23.778606534241028,-23.68128293857057,-24.276397256530895,-25.66485990640487,-24.226414168237742,-24.394986990393626,-23.6816684934269,-23.9772329100376
-23.924076270805468,-23.708402974258995,-23.75722712291245,-23.235541603120772,-23.74863155658334,-25.230223693064286,-24.213995873615417,-28.624434962242383,-25.39758293931603,-23.67899940113099,-20.533632916175826,-23.162698699479897,-23.16706095464331,-23.94141520138123,-23.26159222007131,-23.834908634515937,-23.22354419624824,-23.66708561948574,-23.940687002123557,-23.60059665460225,-23.550651646725008,-16.230409207677827,-24.30861862523427,-23.353663084718278,-23.492855673710736
-23.447189899453353,-23.255795290737293,-23.749424715173376,-23.280898768077176,-24.255720203121612,-25.460426362654793,-23.686368524790193,-24.349230379794328,-23.88072700015899,-28.70792866771387,-25.539500541213606,-23.924156873880456,-23.204231380104872,-23.249382122250836,-16.85132765512666,-23.4167976650313,-23.307540855141884,-23.567762015975326,-24.065684603349744,-23.73835740524008,-23.22409571906343,-25.017649797827413,-23.300486009611216,-23.220668545870133,-23.289115421952694
-24.561194206806,-24.92116378738859,-23.547452198713945,-23.9207257628197,-16.815543457239706,-23.91009654030837,-23.59662516830986,-24.036837155596956,-25.040211602607982,-23.624119895998177,-23.68102698609495,-25.209844386748635,-23.897453150210215,-23.537763616494622,-23.773305515948003,-23.49732291202365,-23.52092580602436,-28.211927902301863,-24.53703453145024,-23.787065496281805,-23.75878783647473,-23.813082540448782,-23.96269549071222,-23.720673240522768,-24.344544373516612
-24.616555483300697,-25.034407933857526,-22.747437646006347,-16.59922258122819,-25.6140214693163,-24.041948849065633,-22.474966420677532,-23.694696729160455,-24.069099221056618,-24.92795667622356,-24.68845201170963,-23.655255531084393,-23.896996923969873,-23.95523022098798,-22.353191050408146,-23.63694922358528,-28.827436905053442,-23.836763233335482,-22.50060674045587,-23.61630006317594,-23.668808161260916,-22.00282338024475,-23.69457988040594,-24.162058357405513,-23.63331253895432
-22.988013630322897,-22.718451184769137,-24.28705155694039,-22.832999596807632,-23.05148242181921,-22.96999600948272,-23.313461219030646,-24.97368617097528,-24.726867253009473,-22.820977482673754,-16.0281372059268,-23.264781198853946,-22.79251173723116,-23.343772700380796,-22.98613768956909,-23.27450847586805,-22.72254932980051,-22.819852972897465,-23.75711515699212,-23.830006354934632,-22.803385558264708,-23.400899175350503,-26.82090756592296,-22.91796266047326,-22.948352416601857
-21.895463009892026,-22.813932516342064,-21.93709475353682,-21.14959512356127,-22.2142898597544,-23.20730639959353,-21.428043298497705,-21.30494742467181,-21.34256200180723,-24.953050307451083,-21.80555564452969,-21.246273919438487,-21.574254523817785,-21.548175559267065,-21.149606438564707,-21.57142428186776,-21.984025699433325,-15.718154858356144,-21.69155715603904,-21.188210329551346,-22.29224431273734,-21.896441224395215,-21.897673505273342,-21.23009824540118,-22.271605433148288
-15.51942166878973,-20.44383094065837,-21.182735718196273,-20.310253905124807,-21.73294466685364,-20.458166504545403,-21.8792247332253,-20.445433409069892,-21.051814682847333,-20.915104471627817,-22.75594614444426,-20.773188764271254,-20.351357315565526,-20.51664867903998,-20.74470834705225,-21.365584111701512,-20.700676931824624,-21.469467181406184,-20.259354978906128,-23.40791080680029,-20.440909751410018,-20.9870318580926,-21.228983506657094,-22.979112343150447,-21.461665943296396
-23.017439430793097,-21.073131861228653,-21.38511264511569,-21.161400089082072,-21.457324435719702,-22.413623001440016,-20.935680985447036,-21.150852420557914,-21.279637006745922,-21.963590410474563,-20.841181580023004,-21.065801142683206,-21.62390786316862,-23.20613700871912,-23.553265605694165,-20.98686398950051,-21.133860665165,-22.56199513789684,-21.64332832818561,-22.83274351705295,-21.897109369519658,-21.234049469531193,-13.9870589494402,-20.913969090728415,-21.680997849941086
-21.9662317185302,-20.827329314557264,-20.554767111154323,-22.112864000957142,-21.722472165684298,-22.556133686861017,-18.136137182817787,-21.678481530267334,-24.059487885298644,-22.902026934942423,-21.916504511547878,-21.091999570330948,-19.0360900896369,-22.47018935263454,-22.860480642601967,-13.478382384704528,-21.51997242206271,-21.550129048795785,-24.302574070525026,-21.54842516080287,-21.754537003677804,-21.25778637705154,-21.29213624205441,-22.005932325166754,-22.66727824348876
-20.022070345331176,-18.6906537873314,-20.85876621224625,-19.884554893195766,-19.714318801865087,-19.726824845813788,-19.329729732614044,-22.69941658400214,-13.424317742179989,-19.20743263397797,-19.53875323825022,-18.887218645338667,-18.258755023674745,-19.878344868982186,-21.12268553220643,-18.68780441330858,-24.798254952032757,-21.341449351857666,-20.218305110695688,-21.23387814845293,-20.325372999054196,-20.420165220810873,-20.983052956019378,-19.525197306380353,-19.571306070327516
-20.28181364294896,-22.27279005413211,-20.27859481041159,-18.688842066338,-17.904078682092074,-18.27541785320237,-19.223446762475607,-18.016282456576192,-20.318092526881465,-18.42296689048564,-20.611969419387325,-20.352180436044147,-16.932802472276656,-12.976681817048496,-20.277004577388638,-23.448944011694856,-18.01216023879465,-17.949418330046,-20.195718410980962,-17.980017095513432,-21.418418231665154,-18.184228928728196,-17.622195945317355,-18.89032462119068,-21.113264105093286
-18.924634382597162,-22.60590040501421,-19.228181364034242,-18.23119400713609,-18.140803825617056,-20.93002986559034,-19.32773524367256,-18.27998234804707,-12.69021526371991,-18.60559868468319,-17.915653647344833,-19.270276329131537,-17.950627587275402,-18.175722311213033,-18.346844925097706,-22.144083676826888,-22.060353600766504,-20.021195509488194,-18.496429199496514,-18.098081452112638,-21.22496972853484,-22.38585802571435,-18.236801393459565,-19.834085981180618,-18.64089781371067
-19.857858206573574,-18.040815150690563,-18.862882546111944,-17.98042258238981,-19.391962331575485,-18.690853748984992,-18.197423391064195,-21.637743874643,-20.272326585855943,-18.929508959955704,-17.26792392289211,-17.768707668730375,-18.158125985400552,-20.621077796035635,-17.953601784464915,-20.48691905484528,-22.085883052630443,-20.601795733263707,-11.88414587173876,-23.168010431033878,-19.691306888421344,-19.920694440034485,-19.384505682196494,-18.874925217246954,-22.030719137531207
-20.335030283103993,-20.00367844803161,-19.976069049207837,-20.327967331063753,-22.329101516148352,-21.673338542766295,-22.2771057519139,-21.423701978326918,-22.0099344604307,-20.613914288232543,-21.615006274839384,-11.735964377507937,-20.273136002561028,-20.11583783773621,-23.490662886861813,-20.359900240640396,-21.325608848835763,-21.38070492107456,-20.458569435795038,-19.49366488595443,-20.1149519816121,-21.309257331212933,-20.695733306915653,-20.79773098283457,-20.021667453698118
-18.211787200173088,-19.16944878871071,-22.176189398578938,-21.021614778086427,-17.92875671534433,-18.98934714563363,-18.16086923053062,-11.597012878064733,-18.143180627695386,-18.766466177265034,-18.285112591596587,-18.817991927316296,-20.47334546000927,-17.572855822215015,-18.33079037833632,-20.01274768055852,-18.171585170364832,-18.620034955378934,-17.85156040802691,-17.913835353594674,-17.699472602806225,-17.723952189455964,-18.081008237794983,-19.88054667772815,-18.147448950263044
-17.99667354302533,-18.527209286061375,-18.66340438692844,-21.19641306439769,-18.944299572693797,-18.129348695028682,-17.38890673125218,-18.87667500792635,-17.60119540480696,-19.353074825464496,-18.98971488580227,-17.89024050229564,-18.07388749580956,-18.748640218673017,-17.42960614366012,-17.729478496896835,-20.073485900805807,-20.65812661290486,-17.80126456174593,-18.309152139100696,-10.540864116495154,-17.472775847027673,-17.548696895792677,-19.096152477217814,-18.306874437395756
-21.340277390323724,-18.10184264941444,-20.78415097889795,-18.232556259001683,-18.37978990460432,-18.62306822651028,-22.318790012248616,-19.419699968998202,-18.79256485987901,-18.88841037720006,-18.13778599191582,-18.344763242557978,-19.773259060036747,-10.874621490448366,-18.02518512701336,-18.657945142716336,-18.505962789696977,-22.605223838860702,-19.42303510385472,-20.26714523562036,-19.6384929313053,-19.089898838314706,-18.35417446797335,-18.974522509764768,-18.236610433182843
-19.49858055762818,-18.791757534795604,-19.399133599988062,-17.848823917536258,-18.384543721731568,-20.587900347674903,-18.51622679616379,-11.94894103554524,-18.707289656149907,-18.709050468009035,-18.495686936282347,-18.92095973564073,-21.334506393072946,-18.213805949117027,-18.827849512675165,-21.589114142214612,-18.703914402963676,-18.967070988624634,-20.12828088984133,-18.09344991128355,-22.89499995843668,-19.642977641489107,-20.022855234973335,-17.529872428375967,-19.786849855757605
-19.807618822970362,-18.947149398194217,-19.728151772825424,-13.065609751419611,-22.548967580524206,-18.81936062129866,-18.777620755473706,-19.655216188396803,-19.691359056737852,-20.621642567733144,-20.54536433112362,-22.40533145369138,-20.0495502131978,-21.45557664189996,-19.728614244560486,-20.940263333908682,-21.923140705321128,-20.542754957507718,-17.344422550054237,-18.9277778767546,-19.16749714363758,-19.44529240790881,-20.77762154751712,-18.967115724592166,-20.25703537696892
-19.609646948705443,-19.88286272876306,-17.907791000623874,-19.16970401525731,-19.53998782225065,-18.108350096522667,-20.59211329711587,-17.01686707616731,-18.43097371426089,-19.55923899969026,-18.151377222201482,-18.377635316620243,-12.722641390841492,-18.32024105424445,-19.677339899285435,-17.91635034945284,-17.679722559633156,-19.75644781538687,-17.719078609776613,-20.08466093758676,-16.441722887130318,-18.94030533192654,-18.091365659111567,-18.404603982606094,-18.456048857830098
-20.823096117587724,-20.115338896331945,-20.43118878629085,-19.576569681943717,-18.756741251472302,-19.47289725326742,-19.761716772761332,-12.311853216385103,-21.603354862053035,-24.671717780540018,-19.34753044962087,-19.40343069117089,-18.291171753183892,-19.563253764385323,-18.2528149023099,-20.05522066820471,-19.287481110040826,-20.530528244038244,-19.704528285483455,-16.498350136440383,-21.049756804138624,-19.57314405295363,-19.54631837404592,-20.61663440754716,-19.349418898617934
-18.777104386087466,-20.331078767779,-19.204964057655143,-19.362297847931448,-17.480085577816013,-18.00330881924121,-16.113462781461784,-17.665986260508188,-18.191281624536987,-17.752720313562854,-18.51911909093795,-17.216275712639405,-18.15125753597866,-21.663098657983376,-18.442866087389906,-17.86063774489334,-17.920112695300006,-21.67197154399604,-17.03396806212972,-20.219742017931164,-9.697871357364857,-19.69114901420076,-18.567977576476565,-18.60551582313357,-19.586781507583837
-17.648745217150392,-20.435746019701877,-19.16377386718498,-18.918362003020512,-18.561694550459205,-18.318881419881407,-20.08067153798421,-18.530429821115113,-18.75582469787509,-18.319223818804385,-18.156772860047223,-18.405655838087362,-19.072784806868796,-18.08336060109353,-17.903820634805307,-19.814811904935546,-19.191183472409882,-19.839431177729818,-21.73401243988947,-19.148446936551558,-7.425729110874938,-20.569258393222007,-19.198023755652947,-18.68786729883517,-18.81594948731904
-19.849757419763897,-18.139364130758047,-18.572038060535895,-19.237008609835396,-17.137205927309473,-19.04467915580153,-18.62286755047913,-15.373959019618102,-17.94261092677563,-18.945113973405057,-21.203494638628865,-18.60764753906012,-17.559133372055218,-17.729587776092576,-17.547060043018302,-17.57854372426778,-17.488454342186056,-18.741515404107624,-6.145199644957493,-17.088627688015695,-19.708397085593603,-20.567019034449864,-18.875643998464536,-18.757937344651843,-17.122833166201875
-17.87752636299776,-18.094299865601233,-19.12777197251063,-18.931718598247464,-18.450275541649887,-18.377031984444216,-18.648113066682484,-19.14907111730099,-19.184120593595274,-20.370241603326438,-17.63853648047072,-22.840357190090863,-18.990987428352607,-19.24744583101733,-18.747085938738447,-21.126011734822473,-18.917448602509484,-17.781286326041702,-6.769351869893869,-19.95989315030841,-17.62335301234392,-18.26166046488712,-18.226905987353362,-18.040904938008712,-17.91845479449954
-19.109126539286137,-19.40843665816429,-18.37134403565548,-18.795017606661695,-17.99159480630736,-7.676227632497649,-17.5558040143103,-19.008384229365994,-20.3547394059792,-18.806904962929906,-18.8402773600099,-17.521725949248385,-18.231916876677378,-18.30922353969412,-17.63320862807005,-21.70315458168829,-20.019930377564883,-18.427717790712514,-19.234753425482857,-17.74136605412311,-17.554027605505986,-18.017670069328062,-18.157246092855665,-20.286473692855242,-18.351337631171614
-19.394798112882032,-18.852721864630738,-15.272121046968977,-18.501295474284095,-17.50037389684409,-17.261165948427063,-8.90127140549614,-17.427113702195456,-18.41899996144057,-18.894704157542336,-17.81566249894237,-16.974547332598373,-18.538965857998587,-16.98809946947273,-17.410613610013012,-17.40785286228286,-16.330266670528086,-18.939154257864352,-18.614359694125238,-17.543313523182157,-17.172055784823446,-18.555409415235623,-17.367928893759807,-15.27635466789695,-17.27629521673697
-20.921170153037664,-19.871289008106523,-17.067629154104303,-18.839870197164966,-17.489717891823915,-17.984450051103856,-17.261211213763254,-8.406172490657196,-17.9437170573657,-17.301014371605618,-17.65173337527904,-16.94191478049607,-17.59628858694574,-17.276423976127305,-15.567835133821768,-17.26760393159393,-15.297546535305372,-16.896804430121527,-16.99307905856903,-17.097980179942276,-20.108092380282333,-18.281740072072495,-16.693057154180003,-16.0267094895042,-17.746139526731543
-16.035148577167263,-13.411067608438147,-14.461310800687025,-17.254701581936708,-15.639180832565375,-17.02860500684217,-15.656560660758501,-18.64878369594191,-14.315135105382181,-19.659040825930816,-16.061768900359382,-14.882078791374566,-13.294386113423721,-17.48203194617833,-15.81788630243539,-17.939800725379,-16.026117073138842,-19.595547748724034,-13.004605198592659,-15.683448680139318,-16.431908209890512,-15.9601975851232,-4.904545528697007,-14.539514497427733,-16.282383580147073
-15.664047372488351,-12.726495847475604,-11.104399411804035,-11.87237477217792,-15.554121151853252,-13.05827771617763,-9.570948855636606,-10.272166565940699,-8.521052672952948,-14.050461067343722,-12.64654458182341,-14.675436467876175,-5.583076503685703,-5.538002098221261,-7.58722847236851,-3.0347662732744958,-8.452544597857736,-9.87434564763617,-7.219036444050628,-10.16419727691295,-14.944471320617378,-14.210447699911615,-10.28516790404235,-7.428013184836154,-12.343857623119618
-10.034422363454901,-10.270683194069605,-9.157271708867038,-9.21405862467175,-9.899333701161018,-10.706129732637134,-9.829750824233471,-9.082302360098435,-9.07859550229308,-8.642830573393082,-9.808895123468051,-9.318505335665673,-8.570187317245232,-8.927990236999328,-10.148325810626716,-9.704959028605188,-8.779845857793259,-11.655982343072619,-8.87795945005344,0.4337665900873072,-9.21057648448455,-8.881772451750738,-8.863660077271554,-11.591337834645069,-8.877974774977591
2.44,3.3616000000000006,3.3616000000000006,3.3616000000000006,1.8,1.8,4.161139200000001,4.859262511644673,4.999999999999997,3.3616000000000006,2.9520000000000004,4.570503270400001,4.90992800745259,3.9514240000000007,1.8,1.8,4.463129088000001,4.463129088000001,4.570503270400001,1.8,1.0,3.3616000000000006,2.44,3.6892800000000006,2.44
0.0,0.0,0.0,0.0,0.0,0.0,0.0,0.0,0.0,0.0,0.0,0.0,0.0,0.0,0.0,0.0,0.0,0.0,0.0,0.0,0.0,0.0,0.0,0.0,0.0
